conference,year,title,authors,abstract,code_url,pdf_url,matched_queries
CVPR,2022,Interactive Image Synthesis With Panoptic Layout Generation,"Bo Wang, Tao Wu, Minfeng Zhu, Peng Du","Interactive image synthesis from user-guided input is a challenging task when users wish to control the scene structure of a generated image with ease. Although remarkable progress has been made on layout-based image synthesis approaches, existing methods require high-precision inputs such as accurately placed bounding boxes, which might be constantly violated in an interactive setting. When placement of bounding boxes is subject to perturbation, layout-based models suffer from ""missing regions"" in the constructed semantic layouts and hence undesirable artifacts in the generated images. In this work, we propose Panoptic Layout Generative Adversarial Network (PLGAN) to address this challenge. The PLGAN employs panoptic theory which distinguishes object categories between ""stuff"" with amorphous boundaries and ""things"" with well-defined shapes, such that stuff and instance layouts are constructed through separate branches and later fused into panoptic layouts. In particular, the stuff layouts can take amorphous shapes and fill up the missing regions left out by the instance layouts. We experimentally compare our PLGAN with state-of-the-art layout-based models on the COCO-Stuff, Visual Genome, and Landscape datasets. The advantages of PLGAN are not only visually demonstrated but quantitatively verified in terms of inception score, Frechet inception distance, classification accuracy score, and coverage.",,https://openaccess.thecvf.com/content/CVPR2022/papers/Wang_Interactive_Image_Synthesis_With_Panoptic_Layout_Generation_CVPR_2022_paper.pdf,panoptic
CVPR,2021,How2Sign: A Large-Scale Multimodal Dataset for Continuous American Sign Language,"Amanda Duarte, Shruti Palaskar, Lucas Ventura, Deepti Ghadiyaram, Kenneth DeHaan, Florian Metze, Jordi Torres, Xavier Giro-i-Nieto","One of the factors that have hindered progress in the areas of sign language recognition, translation, and production is the absence of large annotated datasets. Towards this end, we introduce How2Sign, a multimodal and multiview continuous American Sign Language (ASL) dataset, consisting of a parallel corpus of more than 80 hours of sign language videos and a set of corresponding modalities including speech, English transcripts, and depth. A three-hour subset was further recorded in the Panoptic studio enabling detailed 3D pose estimation. To evaluate the potential of How2Sign for real-world impact, we conduct a study with ASL signers and show that synthesized videos using our dataset can indeed be understood. The study further gives insights on challenges that computer vision should address in order to make progress in this field. Dataset website: http://how2sign.github.io/",,https://openaccess.thecvf.com/content/CVPR2021/papers/Duarte_How2Sign_A_Large-Scale_Multimodal_Dataset_for_Continuous_American_Sign_Language_CVPR_2021_paper.pdf,panoptic
CVPR,2022,PanopticDepth: A Unified Framework for Depth-Aware Panoptic Segmentation,"Naiyu Gao, Fei He, Jian Jia, Yanhu Shan, Haoyang Zhang, Xin Zhao, Kaiqi Huang","This paper presents a unified framework for depth-aware panoptic segmentation (DPS), which aims to reconstruct 3D scene with instance-level semantics from one single image. Prior works address this problem by simply adding a dense depth regression head to panoptic segmentation (PS) networks, resulting in two independent task branches. This neglects the mutually-beneficial relations between these two tasks, thus failing to exploit handy instance-level semantic cues to boost depth accuracy while also producing sub-optimal depth maps. To overcome these limitations, we propose a unified framework for the DPS task by applying a dynamic convolution technique to both the PS and depth prediction tasks. Specifically, instead of predicting depth for all pixels at a time, we generate instance-specific kernels to predict depth and segmentation masks for each instance. Moreover, leveraging the instance-wise depth estimation scheme, we add additional instance-level depth cues to assist with supervising the depth learning via a new depth loss. Extensive experiments on Cityscapes-DPS and SemKITTI-DPS show the effectiveness and promise of our method. We hope our unified solution to DPS can lead a new paradigm in this area.",,https://openaccess.thecvf.com/content/CVPR2022/papers/Gao_PanopticDepth_A_Unified_Framework_for_Depth-Aware_Panoptic_Segmentation_CVPR_2022_paper.pdf,panoptic
CVPR,2022,Panoptic SegFormer: Delving Deeper Into Panoptic Segmentation With Transformers,"Zhiqi Li, Wenhai Wang, Enze Xie, Zhiding Yu, Anima Anandkumar, Jose M. Alvarez, Ping Luo, Tong Lu","Panoptic segmentation involves a combination of joint semantic segmentation and instance segmentation, where image contents are divided into two types: things and stuff. We present Panoptic SegFormer, a general framework for panoptic segmentation with transformers. It contains three innovative components: an efficient deeply-supervised mask decoder, a query decoupling strategy, and an improved post-processing method. We also use Deformable DETR to efficiently process multi-scale features, which is a fast and efficient version of DETR. Specifically, we supervise the attention modules in the mask decoder in a layer-wise manner. This deep supervision strategy lets the attention modules quickly focus on meaningful semantic regions. It improves performance and reduces the number of required training epochs by half compared to Deformable DETR. Our query decoupling strategy decouples the responsibilities of the query set and avoids mutual interference between things and stuff. In addition, our post-processing strategy improves performance without additional costs by jointly considering classification and segmentation qualities to resolve conflicting mask overlaps. Our approach increases the accuracy 6.2% PQ over the baseline DETR model. Panoptic SegFormer achieves state-of-the-art results on COCO test-dev with 56.2% PQ. It also shows stronger zero-shot robustness over existing methods.",,https://openaccess.thecvf.com/content/CVPR2022/papers/Li_Panoptic_SegFormer_Delving_Deeper_Into_Panoptic_Segmentation_With_Transformers_CVPR_2022_paper.pdf,panoptic
CVPR,2021,Fully Convolutional Networks for Panoptic Segmentation,"Yanwei Li, Hengshuang Zhao, Xiaojuan Qi, Liwei Wang, Zeming Li, Jian Sun, Jiaya Jia","In this paper, we present a conceptually simple, strong, and efficient framework for panoptic segmentation, called Panoptic FCN. Our approach aims to represent and predict foreground things and background stuff in a unified fully convolutional pipeline. In particular, Panoptic FCN encodes each object instance or stuff category into a specific kernel weight with the proposed kernel generator and produces the prediction by convolving the high-resolution feature directly. With this approach, instance-aware and semantically consistent properties for things and stuff can be respectively satisfied in a simple generate-kernel-then-segment workflow. Without extra boxes for localization or instance separation, the proposed approach outperforms previous box-based and -free models with high efficiency on COCO, Cityscapes, and Mapillary Vistas datasets with single scale input. Our code is made publicly available at https://github.com/Jia-Research-Lab/PanopticFCN.",https://github.com/Jia-Research-Lab/PanopticFCN,https://openaccess.thecvf.com/content/CVPR2021/papers/Li_Fully_Convolutional_Networks_for_Panoptic_Segmentation_CVPR_2021_paper.pdf,panoptic
CVPR,2022,Masked-Attention Mask Transformer for Universal Image Segmentation,"Bowen Cheng, Ishan Misra, Alexander G. Schwing, Alexander Kirillov, Rohit Girdhar","Image segmentation groups pixels with different semantics, e.g., category or instance membership. Each choice of semantics defines a task. While only the semantics of each task differ, current research focuses on designing specialized architectures for each task. We present Masked-attention Mask Transformer (Mask2Former), a new architecture capable of addressing any image segmentation task (panoptic, instance or semantic). Its key components include masked attention, which extracts localized features by constraining cross-attention within predicted mask regions. In addition to reducing the research effort by at least three times, it outperforms the best specialized architectures by a significant margin on four popular datasets. Most notably, Mask2Former sets a new state-of-the-art for panoptic segmentation (57.8 PQ on COCO), instance segmentation (50.1 AP on COCO) and semantic segmentation (57.7 mIoU on ADE20K).",,https://openaccess.thecvf.com/content/CVPR2022/papers/Cheng_Masked-Attention_Mask_Transformer_for_Universal_Image_Segmentation_CVPR_2022_paper.pdf,panoptic
CVPR,2022,Joint Forecasting of Panoptic Segmentations With Difference Attention,"Colin Graber, Cyril Jazra, Wenjie Luo, Liangyan Gui, Alexander G. Schwing","Forecasting of a representation is important for safe and effective autonomy. For this, panoptic segmentations have been studied as a compelling representation in recent work. However, recent state-of-the-art on panoptic segmentation forecasting suffers from two issues: first, individual object instances are treated independently of each other; second, individual object instance forecasts are merged in a heuristic manner. To address both issues, we study a new panoptic segmentation forecasting model that jointly forecasts all object instances in a scene using a transformer model based on 'difference attention.' It further refines the predictions by taking depth estimates into account. We evaluate the proposed model on the Cityscapes and AIODrive datasets. We find difference attention to be particularly suitable for forecasting because the difference of quantities like locations enables a model to explicitly reason about velocities and acceleration. Because of this, we attain state-of-the-art on panoptic segmentation forecasting metrics.",,https://openaccess.thecvf.com/content/CVPR2022/papers/Graber_Joint_Forecasting_of_Panoptic_Segmentations_With_Difference_Attention_CVPR_2022_paper.pdf,panoptic
CVPR,2022,CMT-DeepLab: Clustering Mask Transformers for Panoptic Segmentation,"Qihang Yu, Huiyu Wang, Dahun Kim, Siyuan Qiao, Maxwell Collins, Yukun Zhu, Hartwig Adam, Alan Yuille, Liang-Chieh Chen","We propose Clustering Mask Transformer (CMT-DeepLab), a transformer-based framework for panoptic segmentation designed around clustering. It rethinks the existing transformer architectures used in segmentation and detection; CMT-DeepLab considers the object queries as cluster centers, which fill the role of grouping the pixels when applied to segmentation. The clustering is computed with an alternating procedure, by first assigning pixels to the clusters by their feature affinity, and then updating the cluster centers and pixel features. Together, these operations comprise the Clustering Mask Transformer (CMT) layer, which produces cross-attention that is denser and more consistent with the final segmentation task. CMT-DeepLab improves the performance over prior art significantly by 4.4% PQ, achieving a new state-of-the-art of 55.7% PQ on the COCO test-dev set.",,https://openaccess.thecvf.com/content/CVPR2022/papers/Yu_CMT-DeepLab_Clustering_Mask_Transformers_for_Panoptic_Segmentation_CVPR_2022_paper.pdf,panoptic
CVPR,2021,Learning To Associate Every Segment for Video Panoptic Segmentation,"Sanghyun Woo, Dahun Kim, Joon-Young Lee, In So Kweon","Temporal correspondence -- linking pixels or objects across frames -- is a fundamental supervisory signal for the video models. For the panoptic understanding of dynamic scenes, we further extend this concept to every segment. Specifically, we aim to learn coarse segment-level matching and fine pixel-level matching together. We implement this idea by designing two novel learning objectives. To validate our proposals, we adopt a deep siamese model and train the model to learn the temporal correspondence on two different levels (i.e., segment and pixel) along with the target task. At inference time, the model processes each frame independently without any extra computation and post-processing. We show that our per-frame inference model can achieve new state-of-the-art results on Cityscapes-VPS and VIPER datasets. Moreover, due to its high efficiency, the model runs in a fraction of time (3x) compared to the previous state-of-the-art approach. The codes and models will be released.",,https://openaccess.thecvf.com/content/CVPR2021/papers/Woo_Learning_To_Associate_Every_Segment_for_Video_Panoptic_Segmentation_CVPR_2021_paper.pdf,panoptic
CVPR,2021,UP-DETR: Unsupervised Pre-Training for Object Detection With Transformers,"Zhigang Dai, Bolun Cai, Yugeng Lin, Junying Chen","Object detection with transformers (DETR) reaches competitive performance with Faster R-CNN via a transformer encoder-decoder architecture. Inspired by the great success of pre-training transformers in natural language processing, we propose a pretext task named random query patch detection to Unsupervisedly Pre-train DETR (UP-DETR) for object detection. Specifically, we randomly crop patches from the given image and then feed them as queries to the decoder. The model is pre-trained to detect these query patches from the original image. During the pre-training, we address two critical issues: multi-task learning and multi-query localization. (1) To trade off classification and localization preferences in the pretext task, we freeze the CNN backbone and propose a patch feature reconstruction branch which is jointly optimized with patch detection. (2) To perform multi-query localization, we introduce UP-DETR from single-query patch and extend it to multi-query patches with object query shuffle and attention mask. In our experiments, UP-DETR significantly boosts the performance of DETR with faster convergence and higher average precision on object detection, one-shot detection and panoptic segmentation. Code and pre-training models: https://github.com/dddzg/up-detr.",https://github.com/dddzg/up-detr,https://openaccess.thecvf.com/content/CVPR2021/papers/Dai_UP-DETR_Unsupervised_Pre-Training_for_Object_Detection_With_Transformers_CVPR_2021_paper.pdf,panoptic
CVPR,2021,Exemplar-Based Open-Set Panoptic Segmentation Network,"Jaedong Hwang, Seoung Wug Oh, Joon-Young Lee, Bohyung Han","We extend panoptic segmentation to the open-world and introduce an open-set panoptic segmentation (OPS) task. The task requires to perform panoptic segmentation for not only known classes but also unknown ones that are not acknowledged during training. We investigate challenges of the task and present a benchmark dataset on top of an existing dataset, COCO. In addition, we propose a novel exemplar-based open-set panoptic segmentation network (EOPSN) inspired by exemplar theory. Our approach identifies a new class with exemplars, which constructs pseudo-ground-truths, based on clustering and augments the size of each class by adding new exemplars based on their similarity during training. We evaluate the proposed method on our benchmark and demonstrate the effectiveness of our proposals. The goal of our work is to draw the attention of the community to the recognition in open-world scenarios.",,https://openaccess.thecvf.com/content/CVPR2021/papers/Hwang_Exemplar-Based_Open-Set_Panoptic_Segmentation_Network_CVPR_2021_paper.pdf,panoptic
CVPR,2022,Slot-VPS: Object-Centric Representation Learning for Video Panoptic Segmentation,"Yi Zhou, Hui Zhang, Hana Lee, Shuyang Sun, Pingjun Li, Yangguang Zhu, ByungIn Yoo, Xiaojuan Qi, Jae-Joon Han","Video Panoptic Segmentation (VPS) aims at assigning a class label to each pixel, uniquely segmenting and identifying all object instances consistently across all frames. Classic solutions usually decompose the VPS task into several sub-tasks and utilize multiple surrogates (e.g. boxes and masks, centers and offsets) to represent objects. However, this divide-and-conquer strategy requires complex post-processing in both spatial and temporal domains and is vulnerable to failures from surrogate tasks. In this paper, inspired by object-centric learning which learns compact and robust object representations, we present Slot-VPS, the first end-to-end framework for this task. We encode all panoptic entities in a video, including both foreground instances and background semantics, in a unified representation called panoptic slots. The coherent spatio-temporal object's information is retrieved and encoded into the panoptic slots by the proposed Video Panoptic Retriever, enabling to localize, segment, differentiate, and associate objects in a unified manner. Finally, the output panoptic slots can be directly converted into the class, mask, and object ID of panoptic objects in the video. We conduct extensive ablation studies and demonstrate the effectiveness of our approach on two benchmark datasets, Cityscapes-VPS (val and test sets) and VIPER (val set), achieving new state-of-the-art performance of 63.7, 63.3 and 56.2 VPQ, respectively.",,https://openaccess.thecvf.com/content/CVPR2022/papers/Zhou_Slot-VPS_Object-Centric_Representation_Learning_for_Video_Panoptic_Segmentation_CVPR_2022_paper.pdf,panoptic
CVPR,2022,"Panoptic, Instance and Semantic Relations: A Relational Context Encoder To Enhance Panoptic Segmentation","Shubhankar Borse, Hyojin Park, Hong Cai, Debasmit Das, Risheek Garrepalli, Fatih Porikli","This paper presents a novel framework to integrate both semantic and instance contexts for panoptic segmentation. In existing works, it is common to use a shared backbone to extract features for both things (countable classes such as vehicles) and stuff (uncountable classes such as roads). This, however, fails to capture the rich relations among them, which can be utilized to enhance visual understanding and segmentation performance. To address this shortcoming, we propose a novel Panoptic, Instance, and Semantic Relations (PISR) module to exploit such contexts. First, we generate panoptic encodings to summarize key features of the semantic classes and predicted instances. A Panoptic Relational Attention (PRA) module is then applied to the encodings and the global feature map from the backbone. It produces a feature map that captures 1) the relations across semantic classes and instances and 2) the relations between these panoptic categories and spatial features. PISR also automatically learns to focus on the more important instances, making it robust to the number of instances used in the relational attention module. Moreover, PISR is a general module that can be applied to any existing panoptic segmentation architecture. Through extensive evaluations on panoptic segmentation benchmarks like Cityscapes, COCO, and ADE20K, we show that PISR attains considerable improvements over existing approaches.",,https://openaccess.thecvf.com/content/CVPR2022/papers/Borse_Panoptic_Instance_and_Semantic_Relations_A_Relational_Context_Encoder_To_CVPR_2022_paper.pdf,panoptic
CVPR,2021,LiDAR-Based Panoptic Segmentation via Dynamic Shifting Network,"Fangzhou Hong, Hui Zhou, Xinge Zhu, Hongsheng Li, Ziwei Liu","With the rapid advances of autonomous driving, it becomes critical to equip its sensing system with more holistic 3D perception. However, existing works focus on parsing either the objects (e.g. cars and pedestrians) or scenes (e.g. trees and buildings) from the LiDAR sensor. In this work, we address the task of LiDAR-based panoptic segmentation, which aims to parse both objects and scenes in a unified manner. As one of the first endeavors towards this new challenging task, we propose the Dynamic Shifting Network (DS-Net), which serves as an effective panoptic segmentation framework in the point cloud realm. In particular, DS-Net has three appealing properties: 1) strong backbone design. DS-Net adopts the cylinder convolution that is specifically designed for LiDAR point clouds. The extracted features are shared by the semantic branch and the instance branch which operates in a bottom-up clustering style. 2) Dynamic Shifting for complex point distributions. We observe that commonly-used clustering algorithms like BFS or DBSCAN are incapable of handling complex autonomous driving scenes with non-uniform point cloud distributions and varying instance sizes. Thus, we present an efficient learnable clustering module, dynamic shifting, which adapts kernel functions on-the-fly for different instances. 3) Consensus-driven Fusion. Finally, consensus-driven fusion is used to deal with the disagreement between semantic and instance predictions. To comprehensively evaluate the performance of LiDAR-based panoptic segmentation, we construct and curate benchmarks from two large-scale autonomous driving LiDAR datasets, SemanticKITTI and nuScenes. Extensive experiments demonstrate that our proposed DS-Net achieves superior accuracies over current state-of-the-art methods. Notably, we achieve 1st place on the public leaderboard of SemanticKITTI, outperforming 2nd place by 2.6% in terms of the PQ metric.",,https://openaccess.thecvf.com/content/CVPR2021/papers/Hong_LiDAR-Based_Panoptic_Segmentation_via_Dynamic_Shifting_Network_CVPR_2021_paper.pdf,panoptic
CVPR,2021,Hierarchical Lovasz Embeddings for Proposal-Free Panoptic Segmentation,"Tommi Kerola, Jie Li, Atsushi Kanehira, Yasunori Kudo, Alexis Vallet, Adrien Gaidon","Panoptic segmentation brings together two separate tasks: instance and semantic segmentation. Although they are related, unifying them faces an apparent paradox: how to learn simultaneously instance-specific and category-specific (i.e. instance-agnostic) representations jointly. Hence, state-of-the-art panoptic segmentation methods use complex models with a distinct stream for each task. In contrast, we propose Hierarchical Lovasz Embeddings, per pixel feature vectors that simultaneously encode instance- and category-level discriminative information. We use a hierarchical Lovasz hinge loss to learn a low-dimensional embedding space structured into a unified semantic and instance hierarchy without requiring separate network branches or object proposals. Besides modeling instances precisely in a proposal-free manner, our Hierarchical Lovasz Embeddings generalize to categories by using a simple Nearest-Class-Mean classifier, including for non-instance """"stuff"""" classes where instance segmentation methods are not applicable. Our simple model achieves state-of-the-art results compared to existing proposal-free panoptic segmentation methods on Cityscapes, COCO, and Mapillary Vistas. Furthermore, our model demonstrates temporal stability between video frames.",,https://openaccess.thecvf.com/content/CVPR2021/papers/Kerola_Hierarchical_Lovasz_Embeddings_for_Proposal-Free_Panoptic_Segmentation_CVPR_2021_paper.pdf,panoptic
CVPR,2021,Boundary IoU: Improving Object-Centric Image Segmentation Evaluation,"Bowen Cheng, Ross Girshick, Piotr Dollar, Alexander C. Berg, Alexander Kirillov","We present Boundary IoU (Intersection-over-Union), a new segmentation evaluation measure focused on boundary quality. We perform an extensive analysis across different error types and object sizes and show that Boundary IoU is significantly more sensitive than the standard Mask IoU measure to boundary errors for large objects and does not over-penalize errors on smaller objects. The new quality measure displays several desirable characteristics like symmetry w.r.t. prediction/ground truth pairs and balanced responsiveness across scales, which makes it more suitable for segmentation evaluation than other boundary-focused measures like Trimap IoU and F-measure. Based on Boundary IoU, we update the standard evaluation protocols for instance and panoptic segmentation tasks by proposing the Boundary AP (Average Precision) and Boundary PQ (Panoptic Quality) metrics, respectively. Our experiments show that the new evaluation metrics track boundary quality improvements that are generally overlooked by current Mask IoU-based evaluation metrics. We hope that the adoption of the new boundary-sensitive evaluation metrics will lead to rapid progress in segmentation methods that improve boundary quality.",,https://openaccess.thecvf.com/content/CVPR2021/papers/Cheng_Boundary_IoU_Improving_Object-Centric_Image_Segmentation_Evaluation_CVPR_2021_paper.pdf,panoptic
CVPR,2021,Panoptic-PolarNet: Proposal-Free LiDAR Point Cloud Panoptic Segmentation,"Zixiang Zhou, Yang Zhang, Hassan Foroosh","Panoptic segmentation presents a new challenge in exploiting the merits of both detection and segmentation, with the aim of unifying instance segmentation and semantic segmentation in a single framework. However, an efficient solution for panoptic segmentation in the emerging domain of LiDAR point cloud is still an open research problem and is very much under-explored. In this paper, we present a fast and robust LiDAR point cloud panoptic segmentation framework, referred to as Panoptic-PolarNet. We learn both semantic segmentation and class-agnostic instance clustering in a single inference network using a polar Bird's Eye View (BEV) representation, enabling us to circumvent the issue of occlusion among instances in urban street scenes. To improve our network's learnability, we also propose an adapted instance augmentation technique and a novel adversarial point cloud pruning method. Our experiments show that Panoptic-PolarNet outperforms the baseline methods on SemanticKITTI and nuScenes datasets with an almost real-time inference speed. Panoptic-PolarNet achieved 54.1% PQ in the public SemanticKITTI panoptic segmentation leaderboard and leading performance for the validation set of nuScenes.",,https://openaccess.thecvf.com/content/CVPR2021/papers/Zhou_Panoptic-PolarNet_Proposal-Free_LiDAR_Point_Cloud_Panoptic_Segmentation_CVPR_2021_paper.pdf,panoptic
CVPR,2021,MaX-DeepLab: End-to-End Panoptic Segmentation With Mask Transformers,"Huiyu Wang, Yukun Zhu, Hartwig Adam, Alan Yuille, Liang-Chieh Chen","We present MaX-DeepLab, the first end-to-end model for panoptic segmentation. Our approach simplifies the current pipeline that depends heavily on surrogate sub-tasks and hand-designed components, such as box detection, non-maximum suppression, thing-stuff merging, etc. Although these sub-tasks are tackled by area experts, they fail to comprehensively solve the target task. By contrast, our MaX-DeepLab directly predicts class-labeled masks with a mask transformer, and is trained with a panoptic quality inspired loss via bipartite matching. Our mask transformer employs a dual-path architecture that introduces a global memory path in addition to a CNN path, allowing direct communication with any CNN layers. As a result, MaX-DeepLab shows a significant 7.1% PQ gain in the box-free regime on the challenging COCO dataset, closing the gap between box-based and box-free methods for the first time. A small variant of MaX-DeepLab improves 3.0% PQ over DETR with similar parameters and M-Adds. Furthermore, MaX-DeepLab, without test time augmentation, achieves new state-of-the-art 51.3% PQ on COCO test-dev set.",,https://openaccess.thecvf.com/content/CVPR2021/papers/Wang_MaX-DeepLab_End-to-End_Panoptic_Segmentation_With_Mask_Transformers_CVPR_2021_paper.pdf,panoptic
CVPR,2021,Part-Aware Panoptic Segmentation,"Daan de Geus, Panagiotis Meletis, Chenyang Lu, Xiaoxiao Wen, Gijs Dubbelman","In this work, we introduce the new scene understanding task of Part-aware Panoptic Segmentation (PPS), which aims to understand a scene at multiple levels of abstraction, and unifies the tasks of scene parsing and part parsing. For this novel task, we provide consistent annotations on two commonly used datasets: Cityscapes and Pascal VOC. Moreover, we present a single metric to evaluate PPS, called Part-aware Panoptic Quality (PartPQ). For this new task, using the metric and annotations, we set multiple baselines by merging results of existing state-of-the-art methods for panoptic segmentation and part segmentation. Finally, we conduct several experiments that evaluate the importance of the different levels of abstraction in this single task.",,https://openaccess.thecvf.com/content/CVPR2021/papers/de_Geus_Part-Aware_Panoptic_Segmentation_CVPR_2021_paper.pdf,panoptic
CVPR,2021,Panoptic Segmentation Forecasting,"Colin Graber, Grace Tsai, Michael Firman, Gabriel Brostow, Alexander G. Schwing","Our goal is to forecast the near future given a set of recent observations. We think this ability to forecast, i.e., to anticipate, is integral for the success of autonomous agents which need not only passively analyze an observation but also must react to it in real-time. Importantly, accurate forecasting hinges upon the chosen scene decomposition. We think that superior forecasting can be achieved by decomposing a dynamic scene into individual 'things' and background 'stuff'. Background 'stuff' largely moves because of camera motion, while foreground 'things' move because of both camera and individual object motion. Following this decomposition, we introduce panoptic segmentation forecasting. Panoptic segmentation forecasting opens up a middle-ground between existing extremes, which either forecast instance trajectories or predict the appearance of future image frames. To address this task we develop a two-component model: one component learns the dynamics of the background stuff by anticipating odometry, the other one anticipates the dynamics of detected things. We establish a leaderboard for this novel task, and validate a state-of-the-art model that outperforms available baselines.",,https://openaccess.thecvf.com/content/CVPR2021/papers/Graber_Panoptic_Segmentation_Forecasting_CVPR_2021_paper.pdf,panoptic
CVPR,2021,VIP-DeepLab: Learning Visual Perception With Depth-Aware Video Panoptic Segmentation,"Siyuan Qiao, Yukun Zhu, Hartwig Adam, Alan Yuille, Liang-Chieh Chen","In this paper, we present ViP-DeepLab, a unified model attempting to tackle the long-standing and challenging inverse projection problem in vision, which we model as restoring the point clouds from perspective image sequences while providing each point with instance-level semantic interpretations. Solving this problem requires the vision models to predict the spatial location, semantic class, and temporally consistent instance label for each 3D point. ViP-DeepLab approaches it by jointly performing monocular depth estimation and video panoptic segmentation. We name this joint task as Depth-aware Video Panoptic Segmentation, and propose a new evaluation metric along with two derived datasets for it, which will be made available to the public. On the individual sub-tasks, ViP-DeepLab also achieves state-of-the-art results, outperforming previous methods by 5.1% VPQ on Cityscapes-VPS, ranking 1st on the KITTI monocular depth estimation benchmark, and 1st on KITTI MOTS pedestrian. The datasets and the evaluation codes are made publicly available.",,https://openaccess.thecvf.com/content/CVPR2021/papers/Qiao_VIP-DeepLab_Learning_Visual_Perception_With_Depth-Aware_Video_Panoptic_Segmentation_CVPR_2021_paper.pdf,panoptic
CVPR,2021,4D Panoptic LiDAR Segmentation,"Mehmet Aygun, Aljosa Osep, Mark Weber, Maxim Maximov, Cyrill Stachniss, Jens Behley, Laura Leal-Taixe","Temporal semantic scene understanding is critical for self-driving cars or robots operating in dynamic environments. In this paper, we propose 4D panoptic LiDAR segmentation to assign a semantic class and a temporally-consistent instance ID to a sequence of 3D points. To this end, we present an approach and a novel evaluation metric. Our approach determines a semantic class for every point while modeling object instances as probability distributions in the 4D spatio-temporal domain. We process multiple point clouds in parallel and resolve point-to-instance associations, effectively alleviating the need for explicit temporal data association. Inspired by recent advances in benchmarking of multi-object tracking, we propose to adopt a new evaluation metric that separates the semantic and point-to-instance association aspects of the task. With this work, we aim at paving the road for future developments aiming at temporal LiDAR panoptic perception.",,https://openaccess.thecvf.com/content/CVPR2021/papers/Aygun_4D_Panoptic_LiDAR_Segmentation_CVPR_2021_paper.pdf,panoptic
CVPR,2021,Improving Panoptic Segmentation at All Scales,"Lorenzo Porzi, Samuel Rota Bulo, Peter Kontschieder","Crop-based training strategies decouple training resolution from GPU memory consumption, allowing the use of large-capacity panoptic segmentation networks on multi-megapixel images. Using crops, however, can introduce a bias towards truncating or missing large objects. To address this, we propose a novel crop-aware bounding box regression loss (CABB loss), which promotes predictions to be consistent with the visible parts of the cropped objects, while not over-penalizing them for extending outside of the crop. We further introduce a novel data sampling and augmentation strategy which improves generalization across scales by counteracting the imbalanced distribution of object sizes. Combining these two contributions with a carefully designed, top-down panoptic segmentation architecture, we obtain new state-of-the-art results on the challenging Mapillary Vistas (MVD), Indian Driving and Cityscapes datasets, surpassing the previously best approach on MVD by +4.5% PQ and +5.2% mAP.",,https://openaccess.thecvf.com/content/CVPR2021/papers/Porzi_Improving_Panoptic_Segmentation_at_All_Scales_CVPR_2021_paper.pdf,panoptic
CVPR,2021,SceneGraphFusion: Incremental 3D Scene Graph Prediction From RGB-D Sequences,"Shun-Cheng Wu, Johanna Wald, Keisuke Tateno, Nassir Navab, Federico Tombari","Scene graphs are a compact and explicit representation successfully used in a variety of 2D scene understanding tasks. This work proposes a method to build up semantic scene graphs from a 3D environment incrementally given a sequence of RGB-D frames. To this end, we aggregate PointNet features from primitive scene components by means of a graph neural network. We also propose a novel attention mechanism well suited for partial and missing graph data present in such an incremental reconstruction scenario. Although our proposed method is designed to run on submaps of the scene, we show it also transfers to entire 3D scenes. Experiments show that our approach outperforms 3D scene graph prediction methods by a large margin and its accuracy is on par with other 3D semantic and panoptic segmentation methods while running at 35 Hz.",,https://openaccess.thecvf.com/content/CVPR2021/papers/Wu_SceneGraphFusion_Incremental_3D_Scene_Graph_Prediction_From_RGB-D_Sequences_CVPR_2021_paper.pdf,panoptic
CVPR,2021,Cross-View Regularization for Domain Adaptive Panoptic Segmentation,"Jiaxing Huang, Dayan Guan, Aoran Xiao, Shijian Lu","Panoptic segmentation unifies semantic segmentation and instance segmentation which has been attracting increasing attention in recent years. On the other hand, most existing research was conducted under a supervised learning setup whereas domain adaptive panoptic segmentation which is critical in different tasks and applications is largely neglected. We design a domain adaptive panoptic segmentation network that exploits inter-style consistency and inter-task regularization for optimal domain adaptive panoptic segmentation. The inter-style consistency leverages geometric invariance across the same image of the different styles which ` fabricates' certain self-supervisions to guide the network to learn domain-invariant features. The inter-task regularization exploits the complementary nature of instance segmentation and semantic segmentation and uses it as a constraint for better feature alignment across domains. Extensive experiments over multiple domain adaptive panoptic segmentation tasks (e.g. synthetic-to-real and real-to-real) show that our proposed network achieves superior segmentation performance as compared with the state-of-the-art.",,https://openaccess.thecvf.com/content/CVPR2021/papers/Huang_Cross-View_Regularization_for_Domain_Adaptive_Panoptic_Segmentation_CVPR_2021_paper.pdf,panoptic
CVPR,2021,Cylindrical and Asymmetrical 3D Convolution Networks for LiDAR Segmentation,"Xinge Zhu, Hui Zhou, Tai Wang, Fangzhou Hong, Yuexin Ma, Wei Li, Hongsheng Li, Dahua Lin","State-of-the-art methods for large-scale driving-scene LiDAR segmentation often project the point clouds to 2D space and then process them via 2D convolution. Although this corporation shows the competitiveness in the point cloud, it inevitably alters and abandons the 3D topology and geometric relations. A natural remedy is to utilize the 3D voxelization and 3D convolution network. However, we found that in the outdoor point cloud, the improvement obtained in this way is quite limited. An important reason is the property of the outdoor point cloud, namely sparsity and varying density. Motivated by this investigation, we propose a new framework for the outdoor LiDAR segmentation, where cylindrical partition and asymmetrical 3D convolution networks are designed to explore the 3D geometric pattern while maintaining these inherent properties. Moreover, a point-wise refinement module is introduced to alleviate the interference of lossy voxel-based label encoding. We evaluate the proposed model on two large-scale datasets , i.e., SemanticKITTI and nuScenes. Our method achieves the 1st place in the leaderboard of SemanticKITTI and outperforms existing methods on nuScenes with a noticeable margin. Furthermore, the proposed 3D framework also generalizes well to LiDAR panoptic segmentation and LiDAR 3D detection.",,https://openaccess.thecvf.com/content/CVPR2021/papers/Zhu_Cylindrical_and_Asymmetrical_3D_Convolution_Networks_for_LiDAR_Segmentation_CVPR_2021_paper.pdf,panoptic
CVPR,2021,DetectoRS: Detecting Objects With Recursive Feature Pyramid and Switchable Atrous Convolution,"Siyuan Qiao, Liang-Chieh Chen, Alan Yuille","Many modern object detectors demonstrate outstanding performances by using the mechanism of looking and thinking twice. In this paper, we explore this mechanism in the backbone design for object detection. At the macro level, we propose Recursive Feature Pyramid, which incorporates extra feedback connections from Feature Pyramid Networks into the bottom-up backbone layers. At the micro level, we propose Switchable Atrous Convolution, which convolves the features with different atrous rates and gathers the results using switch functions. Combining them results in DetectoRS, which significantly improves the performances of object detection. On COCO test-dev, DetectoRS achieves state-of-the-art 55.7% box AP for object detection, 48.5% mask AP for instance segmentation, and 50.0% PQ for panoptic segmentation. The code is made publicly available.",,https://openaccess.thecvf.com/content/CVPR2021/papers/Qiao_DetectoRS_Detecting_Objects_With_Recursive_Feature_Pyramid_and_Switchable_Atrous_CVPR_2021_paper.pdf,panoptic
CVPR,2022,Large-Scale Video Panoptic Segmentation in the Wild: A Benchmark,"Jiaxu Miao, Xiaohan Wang, Yu Wu, Wei Li, Xu Zhang, Yunchao Wei, Yi Yang","In this paper, we present a new large-scale dataset for the video panoptic segmentation task, which aims to assign semantic classes and track identities to all pixels in a video. As the ground truth for this task is difficult to annotate, previous datasets for video panoptic segmentation are limited by either small scales or the number of scenes. In contrast, our large-scale VIdeo Panoptic Segmentation in the Wild (VIPSeg) dataset provides 3,536 videos and 84,750 frames with pixel-level panoptic annotations, covering a wide range of real-world scenarios and categories. To the best of our knowledge, our VIPSeg is the first attempt to tackle the challenging video panoptic segmentation task in the wild by considering diverse scenarios. Based on VIPSeg, we evaluate existing video panoptic segmentation approaches and propose an efficient and effective clip-based baseline method to analyze our VIPSeg dataset. Our dataset is available at https://github.com/VIPSeg-Dataset/VIPSeg-Dataset/.",https://github.com/VIPSeg-Dataset/VIPSeg-Dataset/,https://openaccess.thecvf.com/content/CVPR2022/papers/Miao_Large-Scale_Video_Panoptic_Segmentation_in_the_Wild_A_Benchmark_CVPR_2022_paper.pdf,panoptic
CVPR,2022,Unifying Panoptic Segmentation for Autonomous Driving,"Oliver Zendel, Matthias Sch√∂rghuber, Bernhard Rainer, Markus Murschitz, Csaba Beleznai","This paper aims to improve panoptic segmentation for real-world applications in three ways. First, we present a label policy that unifies four of the most popular panoptic segmentation datasets for autonomous driving. We also clean up label confusion by adding the new vehicle labels pickup and van. Full relabeling information for the popular Mapillary Vistas, IDD, and Cityscapes dataset are provided to add these new labels to existing setups. Second, we introduce Wilddash2 (WD2), a new dataset and public benchmark service for panoptic segmentation. The dataset consists of more than 5000 unique driving scenes from all over the world with a focus on visually challenging scenes, such as diverse weather conditions, lighting situations, and camera characteristics. We showcase experimental visual hazard classifiers which help to pre-filter challenging frames during dataset creation. Finally, to characterize the robustness of algorithms in out-of-distribution situations, we introduce hazard-aware and negative testing for panoptic segmentation as well as statistical significance calculations that increase confidence for both concepts. Additionally, we present a novel technique for visualizing panoptic segmentation errors. Our experiments show the negative impact of visual hazards on panoptic segmentation quality. Additional data from the WD2 dataset improves performance for visually challenging scenes and thus robustness in real-world scenarios.",,https://openaccess.thecvf.com/content/CVPR2022/papers/Zendel_Unifying_Panoptic_Segmentation_for_Autonomous_Driving_CVPR_2022_paper.pdf,panoptic
CVPR,2022,HOI4D: A 4D Egocentric Dataset for Category-Level Human-Object Interaction,"Yunze Liu, Yun Liu, Che Jiang, Kangbo Lyu, Weikang Wan, Hao Shen, Boqiang Liang, Zhoujie Fu, He Wang, Li Yi","We present HOI4D, a large-scale 4D egocentric dataset with rich annotations, to catalyze the research of category-level human-object interaction. HOI4D consists of 2.4M RGB-D egocentric video frames over 4000 sequences collected by 9 participants interacting with 800 different object instances from 16 categories over 610 different indoor rooms. Frame-wise annotations for panoptic segmentation, motion segmentation, 3D hand pose, category-level object pose and hand action have also been provided, together with reconstructed object meshes and scene point clouds. With HOI4D, we establish three benchmarking tasks to promote category-level HOI from 4D visual signals including semantic segmentation of 4D dynamic point cloud sequences, category-level object pose tracking, and egocentric action segmentation with diverse interaction targets. In-depth analysis shows HOI4D poses great challenges to existing methods and produces huge research opportunities.",,https://openaccess.thecvf.com/content/CVPR2022/papers/Liu_HOI4D_A_4D_Egocentric_Dataset_for_Category-Level_Human-Object_Interaction_CVPR_2022_paper.pdf,panoptic
CVPR,2022,"Video K-Net: A Simple, Strong, and Unified Baseline for Video Segmentation","Xiangtai Li, Wenwei Zhang, Jiangmiao Pang, Kai Chen, Guangliang Cheng, Yunhai Tong, Chen Change Loy","This paper presents Video K-Net, a simple, strong, and unified framework for fully end-to-end video panoptic segmentation. The method is built upon K-Net, a method that unifies image segmentation via a group of learnable kernels. We observe that these learnable kernels from K-Net, which encode object appearances and contexts, can naturally associate identical instances across video frames. Motivated by this observation, Video K-Net learns to simultaneously segment and track ""things"" and ""stuff"" in a video with simple kernel-based appearance modeling and cross-temporal kernel interaction. Despite the simplicity, it achieves state-of-the-art video panoptic segmentation results on Citscapes-VPS and KITTI-STEP without bells and whistles. In particular on KITTI-STEP, the simple method can boost almost 12% relative improvements over previous methods. We also validate its generalization on video semantic segmentation, where we boost various baselines by 2% on the VSPW dataset. Moreover, we extend K-Net into clip-level video framework for video instance segmentation where we obtain 40.5% for ResNet50 backbone and 51.5% mAP for Swin-base on YouTube-2019 validation set. We hope this simple yet effective method can serve as a new flexible baseline in video segmentation. Both code and models are released at \href https://github.com/lxtGH/Video-K-Net.",https://github.com/lxtGH/Video-K-Net,https://openaccess.thecvf.com/content/CVPR2022/papers/Li_Video_K-Net_A_Simple_Strong_and_Unified_Baseline_for_Video_CVPR_2022_paper.pdf,panoptic
CVPR,2022,Amodal Panoptic Segmentation,"Rohit Mohan, Abhinav Valada","Humans have the remarkable ability to perceive objects as a whole, even when parts of them are occluded. This ability of amodal perception forms the basis of our perceptual and cognitive understanding of our world. To enable robots to reason with this capability, we formulate and propose a novel task that we name amodal panoptic segmentation. The goal of this task is to simultaneously predict the pixel-wise semantic segmentation labels of the visible regions of stuff classes and the instance segmentation labels of both the visible and occluded regions of thing classes. To facilitate research on this new task, we extend two established benchmark datasets with pixel-level amodal panoptic segmentation labels that we make publicly available as KITTI-360-APS and BDD100K-APS. We present several strong baselines, along with the amodal panoptic quality (APQ) and amodal parsing coverage (APC) metrics to quantify the performance in an interpretable manner. Furthermore, we propose the novel amodal panoptic segmentation network (APSNet), as a first step towards addressing this task by explicitly modeling the complex relationships between the occluders and occludes. Extensive experimental evaluations demonstrate that APSNet achieves state-of-the-art performance on both benchmarks and more importantly exemplifies the utility of amodal recognition. The datasets are available at http://amodal-panoptic.cs.uni-freiburg.de",,https://openaccess.thecvf.com/content/CVPR2022/papers/Mohan_Amodal_Panoptic_Segmentation_CVPR_2022_paper.pdf,panoptic
CVPR,2022,A Versatile Multi-View Framework for LiDAR-Based 3D Object Detection With Guidance From Panoptic Segmentation,"Hamidreza Fazlali, Yixuan Xu, Yuan Ren, Bingbing Liu","3D object detection using LiDAR data is an indispensable component for autonomous driving systems. Yet, only a few LiDAR-based 3D object detection methods leverage segmentation information to further guide the detection process. In this paper, we propose a novel multi-task framework that jointly performs 3D object detection and panoptic segmentation. In our method, the 3D object detection backbone, which is in Bird's-Eye-View (BEV) plane, is augmented by the injection of Range-View (RV) feature maps from the 3D panoptic segmentation backbone. This enables the detection backbone to leverage multi-view information to address the shortcomings of each projection view. Furthermore, foreground semantic information is incorporated to ease the detection task by highlighting the locations of each object class in the feature maps. Finally, a new center density heatmap generated based on the instance-level information further guides the detection backbone by suggesting possible box center locations for objects in the BEV plane. Our method works with any BEV-based 3D object detection method, and as shown by extensive experiments on the nuScenes dataset, it provides significant performance gains. Notably, the proposed method based on a single-stage CenterPoint 3D object detection network achieved state-of-the-art performance on nuScenes 3D Detection Benchmark with 67.3 NDS.",,https://openaccess.thecvf.com/content/CVPR2022/papers/Fazlali_A_Versatile_Multi-View_Framework_for_LiDAR-Based_3D_Object_Detection_With_CVPR_2022_paper.pdf,panoptic
CVPR,2022,GAT-CADNet: Graph Attention Network for Panoptic Symbol Spotting in CAD Drawings,"Zhaohua Zheng, Jianfang Li, Lingjie Zhu, Honghua Li, Frank Petzold, Ping Tan","Spotting graphical symbols from the computer-aided design (CAD) drawings is essential to many industrial applications. Different from raster images, CAD drawings are vector graphics consisting of geometric primitives such as segments, arcs, and circles. By treating each CAD drawing as a graph, we propose a novel graph attention network GAT-CADNet to solve the panoptic symbol spotting problem: vertex features derived from the GAT branch are mapped to semantic labels, while their attention scores are cascaded and mapped to instance prediction. Our key contributions are three-fold: 1) the instance symbol spotting task is formulated as a subgraph detection problem and solved by predicting the adjacency matrix; 2) a relative spatial encoding (RSE) module explicitly encodes the relative positional and geometric relation among vertices to enhance the vertex attention; 3) a cascaded edge encoding (CEE) module extracts vertex attentions from multiple stages of GAT and treats them as edge encoding to predict the adjacency matrix. The proposed GAT-CADNet is intuitive yet effective and manages to solve the panoptic symbol spotting problem in one consolidated network. Extensive experiments and ablation studies on the public benchmark show that our graph-based approach surpasses existing state-of-the-art methods by a large margin.",,https://openaccess.thecvf.com/content/CVPR2022/papers/Zheng_GAT-CADNet_Graph_Attention_Network_for_Panoptic_Symbol_Spotting_in_CAD_CVPR_2022_paper.pdf,panoptic
CVPR,2022,CADTransformer: Panoptic Symbol Spotting Transformer for CAD Drawings,"Zhiwen Fan, Tianlong Chen, Peihao Wang, Zhangyang Wang","Understanding 2D computer-aided design (CAD) drawings plays a crucial role for creating 3D prototypes in architecture, engineering and construction (AEC) industries. The task of automated panoptic symbol spotting, i.e., to spot and parse both countable object instances (windows, doors, tables, etc.) and uncountable stuff (wall, railing, etc.) from CAD drawings, has recently drawn interests from the computer vision community. Unfortunately, the highly irregular ordering and orientations set major roadblocks for this task. Existing methods, based on convolutional neural networks (CNNs) and/or graph neural networks (GNNs), regress instance bounding boxes in the pixel domain and then convert the predictions into symbols. In this paper, we present a novel framework named CADTransformer, that can painlessly modify existing vision transformer (ViT) backbones to tackle the above limitations for the panoptic symbol spotting task. CADTransformer tokenizes directly from the set of graphical primitives in CAD drawings, and correspondingly optimizes line-grained semantic and instance symbol spotting altogether by a pair of prediction heads. The backbone is further enhanced with a few plug-and-play modifications, including a neighborhood aware self-attention, hierarchical feature aggregation, and graphic entity position encoding, to bake in the structure prior while optimizing the efficiency. Besides, a new data augmentation method, termed Random Layer, is proposed by the layer-wise separation and recombination of a CAD drawing. Overall, CADTransformer significantly boosts the previous state-of-the-art from 0.595 to 0.685 in the panoptic quality (PQ) metric, on the recently released FloorPlanCAD dataset. We further demonstrate that our model can spot symbols with irregular shapes and arbitrary orientations. Our codes are available in https://github.com/VITA-Group/CADTransformer.",https://github.com/VITA-Group/CADTransformer,https://openaccess.thecvf.com/content/CVPR2022/papers/Fan_CADTransformer_Panoptic_Symbol_Spotting_Transformer_for_CAD_Drawings_CVPR_2022_paper.pdf,panoptic
CVPR,2022,Panoptic Neural Fields: A Semantic Object-Aware Neural Scene Representation,"Abhijit Kundu, Kyle Genova, Xiaoqi Yin, Alireza Fathi, Caroline Pantofaru, Leonidas J. Guibas, Andrea Tagliasacchi, Frank Dellaert, Thomas Funkhouser","We present PanopticNeRF, an object-aware neural scene representation that decomposes a scene into a set of objects (things) and background (stuff). Each object is represented by a separate MLP that takes a position, direction, and time and outputs density and radiance. The background is represented by a similar MLP that also outputs semantics. Importantly, the object MLPs are specific to each instance and initialized with meta-learning, and thus can be smaller and faster than previous object-aware approaches, while still leveraging category-specific priors. We propose a system to infer the PanopticNeRF representation from a set of color images. We use off-the-shelf algorithms to predict camera poses, object bounding boxes, object categories, and 2D image semantic segmentations. Then we jointly optimize the MLP weights and bounding box parameters using analysis-by-synthesis with self-supervision from the color images and pseudo-supervision from predicted semantic segmentations. PanopticNeRF can be effectively used for multiple 2D and 3D tasks like 3D scene editing, 3D panoptic reconstruction, novel view and semantic synthesis, 2D panoptic segmentation, and multiview depth prediction. We demonstrate these applications on several difficult, dynamic scenes with moving objects.",,https://openaccess.thecvf.com/content/CVPR2022/papers/Kundu_Panoptic_Neural_Fields_A_Semantic_Object-Aware_Neural_Scene_Representation_CVPR_2022_paper.pdf,panoptic
CVPR,2022,Lite Vision Transformer With Enhanced Self-Attention,"Chenglin Yang, Yilin Wang, Jianming Zhang, He Zhang, Zijun Wei, Zhe Lin, Alan Yuille","Despite the impressive representation capacity of vision transformer models, current light-weight vision transformer models still suffer from inconsistent and incorrect dense predictions at local regions. We suspect that the power of their self-attention mechanism is limited in shallower and thinner networks. We propose Lite Vision Transformer (LVT), a novel light-weight transformer network with two enhanced self-attention mechanisms to improve the model performances for mobile deployment. For the low-level features, we introduce Convolutional Self-Attention (CSA). Unlike previous approaches of merging convolution and self-attention, CSA introduces local self-attention into the convolution within a kernel of size 3 x 3 to enrich low-level features in the first stage of LVT. For the high-level features, we propose Recursive Atrous Self-Attention (RASA), which utilizes the multi-scale context when calculating the similarity map and a recursive mechanism to increase the representation capability with marginal extra parameter cost. The superiority of LVT is demonstrated on ImageNet recognition, ADE20K semantic segmentation, and COCO panoptic segmentation. The code is made publicly available.",,https://openaccess.thecvf.com/content/CVPR2022/papers/Yang_Lite_Vision_Transformer_With_Enhanced_Self-Attention_CVPR_2022_paper.pdf,panoptic
CVPR,2022,Single-Stage Is Enough: Multi-Person Absolute 3D Pose Estimation,"Lei Jin, Chenyang Xu, Xiaojuan Wang, Yabo Xiao, Yandong Guo, Xuecheng Nie, Jian Zhao","The existing multi-person absolute 3D pose estimation methods are mainly based on two-stage paradigm, i.e., top-down or bottom-up, leading to redundant pipelines with high computation cost. We argue that it is more desirable to simplify such two-stage paradigm to a single-stage one to promote both efficiency and performance. To this end, we present an efficient single-stage solution, Decoupled Regression Model (DRM), with three distinct novelties. First, DRM introduces a new decoupled representation for 3D pose, which expresses the 2D pose in image plane and depth information of each 3D human instance via 2D center point (center of visible keypoints) and root point (denoted as pelvis), respectively. Second, to learn better feature representation for the human depth regression, DRM introduces a 2D Pose-guided Depth Query Module (PDQM) to extract the features in 2D pose regression branch, enabling the depth regression branch to perceive the scale information of instances. Third, DRM leverages a Decoupled Absolute Pose Loss (DAPL) to facilitate the absolute root depth and root-relative depth estimation, thus improving the accuracy of absolute 3D pose. Comprehensive experiments on challenging benchmarks including MuPoTS-3D and Panoptic clearly verify the superiority of our framework, which outperforms the state-of-the-art bottom-up absolute 3D pose estimation methods.",,https://openaccess.thecvf.com/content/CVPR2022/papers/Jin_Single-Stage_Is_Enough_Multi-Person_Absolute_3D_Pose_Estimation_CVPR_2022_paper.pdf,panoptic
CVPR,2022,Panoptic-PHNet: Towards Real-Time and High-Precision LiDAR Panoptic Segmentation via Clustering Pseudo Heatmap,"Jinke Li, Xiao He, Yang Wen, Yuan Gao, Xiaoqiang Cheng, Dan Zhang","As a rising task, panoptic segmentation is faced with challenges in both semantic segmentation and instance segmentation. However, in terms of speed and accuracy, existing LiDAR methods in the field are still limited. In this paper, we propose a fast and high-performance LiDAR-based framework, referred to as Panoptic-PHNet, with three attractive aspects: 1) We introduce a clustering pseudo heatmap as a new paradigm, which, followed by a center grouping module, yields instance centers for efficient clustering without object-level learning tasks. 2) A knn-transformer module is proposed to model the interaction among foreground points for accurate offset regression. 3) For backbone design, we fuse the fine-grained voxel features and the 2D Bird's Eye View (BEV) features with different receptive fields to utilize both detailed and global information. Extensive experiments on both SemanticKITTI dataset and nuScenes dataset show that our Panoptic-PHNet surpasses state-of-the-art methods by remarkable margins with a real-time speed. We achieve the 1st place on the public leaderboard of SemanticKITTI and leading performance on the recently released leaderboard of nuScenes.",,https://openaccess.thecvf.com/content/CVPR2022/papers/Li_Panoptic-PHNet_Towards_Real-Time_and_High-Precision_LiDAR_Panoptic_Segmentation_via_Clustering_CVPR_2022_paper.pdf,panoptic
CVPR,2022,Distribution-Aware Single-Stage Models for Multi-Person 3D Pose Estimation,"Zitian Wang, Xuecheng Nie, Xiaochao Qu, Yunpeng Chen, Si Liu","In this paper, we present a novel Distribution-Aware Single-stage (DAS) model for tackling the challenging multi-person 3D pose estimation problem. Different from existing top-down and bottom-up methods, the proposed DAS model simultaneously localizes person positions and their corresponding body joints in the 3D camera space in a one-pass manner. This leads to a simplified pipeline with enhanced efficiency. In addition, DAS learns the true distribution of body joints for the regression of their positions, rather than making a simple Laplacian or Gaussian assumption as previous works. This provides valuable priors for model prediction and thus boosts the regression-based scheme to achieve competitive performance with volumetric-base ones. Moreover, DAS exploits a recursive update strategy for progressively approaching to regression target, alleviating the optimization difficulty and further lifting the regression performance. DAS is implemented with a fully Convolutional Neural Network and end-to-end learnable. Comprehensive experiments on benchmarks CMU Panoptic and MuPoTS-3D demonstrate the superior efficiency of the proposed DAS model, specifically 1.5x speedup over previous best model, and its stat-of-the-art accuracy for multi-person 3D pose estimation.",,https://openaccess.thecvf.com/content/CVPR2022/papers/Wang_Distribution-Aware_Single-Stage_Models_for_Multi-Person_3D_Pose_Estimation_CVPR_2022_paper.pdf,panoptic
CVPR,2021,LPSNet: A Lightweight Solution for Fast Panoptic Segmentation,"Weixiang Hong, Qingpei Guo, Wei Zhang, Jingdong Chen, Wei Chu","Panoptic segmentation is a challenging task aiming to simultaneously segment objects (things) at instance level and background contents (stuff) at semantic level. Existing methods mostly utilize two-stage detection network to attain instance segmentation results, and fully convolutional network to produce semantic segmentation prediction. Post-processing or additional modules are required to handle the conflicts between the outputs from these two nets, which makes such methods suffer from low efficiency, heavy memory consumption and complicated implementation. To simplify the pipeline and decrease computation/memory cost, we propose an one-stage approach called Lightweight Panoptic Segmentation Network (LPSNet), which does not involve proposal, anchor or mask head. Instead, we predict bounding box and semantic category at each pixel upon the feature map produced by an augmented feature pyramid, and design a parameter-free head to merge the per-pixel bounding box and semantic prediction into panoptic segmentation output. Our LPSNet is not only efficient in computation and memory, but also accurate in panoptic segmentation. Comprehensive experiments on COCO, Cityscapes and Mapillary Vistas datasets demonstrate the promising effectiveness and efficiency of the proposed LPSNet.",,https://openaccess.thecvf.com/content/CVPR2021/papers/Hong_LPSNet_A_Lightweight_Solution_for_Fast_Panoptic_Segmentation_CVPR_2021_paper.pdf,panoptic
CVPR,2021,Toward Joint Thing-and-Stuff Mining for Weakly Supervised Panoptic Segmentation,"Yunhang Shen, Liujuan Cao, Zhiwei Chen, Feihong Lian, Baochang Zhang, Chi Su, Yongjian Wu, Feiyue Huang, Rongrong Ji","Panoptic segmentation aims to partition an image to object instances and semantic content for thing and stuff categories, respectively. To date, learning weakly supervised panoptic segmentation (WSPS) with only image-level labels remains unexplored. In this paper, we propose an efficient jointly thing-and-stuff mining (JTSM) framework for WSPS. To this end, we design a novel mask of interest pooling (MoIPool) to extract fixed-size pixel-accurate feature maps of arbitrary-shape segmentations. MoIPool enables a panoptic mining branch to leverage multiple instance learning (MIL) to recognize things and stuff segmentation in a unified manner. We further refine segmentation masks with parallel instance and semantic segmentation branches via self-training, which collaborates the mined masks from panoptic mining with bottom-up object evidence as pseudo-ground-truth labels to improve spatial coherence and contour localization. Experimental results demonstrate the effectiveness of JTSM on PASCAL VOC and MS COCO. As a by-product, we achieve competitive results for weakly supervised object detection and instance segmentation. This work is a first step towards tackling challenge panoptic segmentation task with only image-level labels.",,https://openaccess.thecvf.com/content/CVPR2021/papers/Shen_Toward_Joint_Thing-and-Stuff_Mining_for_Weakly_Supervised_Panoptic_Segmentation_CVPR_2021_paper.pdf,panoptic
